"Timestamp","O quão confortável você se sentiu utilizando apenas a Razer Hydra para realizar as tarefas solicitadas?","Você conseguiu realizar as tarefas com essa abordagem? Se sim, informe se teve alguma dificuldade. Se não, explique o motivo.","O quão confortável você se sentiu utilizando o a Razer Hydra e o Oculus Rift para realizar as tarefas solicitadas?","Você conseguiu realizar as tarefas com essa abordagem? Se sim, informe se teve alguma dificuldade. Se não, explique o motivo.","Em relação à abordagem não-imersiva, deseja deixar alguma sugestão sobre algum aspecto que pode ser melhorado?","Em relação à abordagem imersiva, deseja deixar alguma sugestão sobre algum aspecto que pode ser melhorado?"
"2016/11/16 3:24:11 PM GMT","Neutro","Sim. Tive alguma dificuldade em ""mirar"" nos átomos, por causa da sensibilidade aguçada da Hydra.","Muito confortável","Sim. Até o excesso de sensibilidade da Hydra me pareceu contrabalanceado pela VR do Oculus Rift.","","Se possível, um pequeno guia com a posição e utilização dos botões dentro da VR, para rápida lembrança dos mesmos"
"2016/11/16 6:07:59 PM GMT","Muito confortável","Sim","Pouco confortável","Sim","não","não"
"2016/11/16 6:29:58 PM GMT","Muito desconfortável","Sim. A principal dificuldade é se adaptar, mas depois é barbada","Extremamente desconfortável","sim","Sim. Buscar outras formas de representação dos átomos e ligações (bastões e bolas e as próprias ligações químicas). ","Sim. Buscar outras formas de representação dos átomos e ligações (bastões e bolas e as próprias ligações químicas)."
"2016/11/17 6:04:13 PM GMT","Neutro","Sim, dificuldade em movimentar a câmera ","Muito confortável","Sim ","",""
"2016/11/17 6:37:01 PM GMT","Neutro","Sim","Neutro","Sim","",""
"2016/11/17 7:44:27 PM GMT","Pouco confortável","Uma tarefa não, me senti desconfortável ao utilizando o Hydra. ","Pouco confortável","Deixei de realizar uma tarefa e acredito que tenha sido mais pelo uso do hydra do que do oculus. ","",""
"2016/11/17 8:09:08 PM GMT","Muito confortável","Sim, não houve dificuldade ","Muito confortável","Sim, não houve dificuldades "," O uso do mouse para girar a camera tornou a abordagem um pouco mais trabalhosa","Muito divertido"
"2016/11/18 1:09:53 PM GMT","Pouco confortável","Sim, apenas dificuldades em alguns comandos do Hydra, visto que foi a primeira vez que utilizei. ","Muito confortável","Sim, apenas dificuldades de comandos com o Hydra, pois foi o meu primeiro contato com o equipamento. O óculos facilitou a localiza;ao das moleculas","Gostaria que que tivesse a opção de ligação química para facilitar a visualização da molécula. ","Gostaria que que tivesse a opção de ligação química para facilitar a visualização da molécula. A localização e visualização das moléculas foi mais fácil. "
"2016/11/18 4:35:52 PM GMT","Muito confortável","Sim. Sensibilidade ","Muito confortável","Sim. Sensibilidade ","Sensibilidade","Sensibilidade "
"2016/11/18 4:59:43 PM GMT","Muito confortável","Sensibilidade da hydra","Muito confortável","","Melhorar a sensibilidade e diminuir a oscilacao","Melhora na facilidade de localizacao"
"2016/11/18 5:36:29 PM GMT","Muito confortável","Facil vizualizacao mas tive problemas com acessibilidade da hidra ","Muito confortável","Nao tive dificuldade","",""