"Timestamp","Username","Nome","Idade","Curso","Nível Educacional","Você possui algum problema de visão? Se sim, qual?","Você já teve alguma experiência com realidade virtual? Se sim, qual?","Se já teve, se sentiu confortável na experiência?","Você utiliza programas para visualização de moléculas? Se sim, qual?","Se você escolheu ""Outros"" na questão anterior, especifique qual o tipo de programa que utiliza"
"2016/11/16 2:59:23 PM GMT","william.kn@gmail.com","William ","28","Química","Pós-graduação Completo","Miopia","Não","","VMD",""
"2016/11/16 5:40:22 PM GMT","lumafritsch@msn.com","Luma Fritsch","25","Química","Pós-graduação Incompleto","","não","","Outros","ChemDraw"
"2016/11/16 6:10:38 PM GMT","eric.sales@ufrgs.br","Eric","27","Química","Pós-graduação Incompleto","","sim","Sim","Outros","ChemSketech, ChemDraw"
"2016/11/17 5:27:04 PM GMT","guigo.a97@gmail.com","Guilherme","19","Química - bacharelado ","Ensino Superior Incompleto","Miopia","Não ","","Não utilizo programas",""
"2016/11/17 6:08:19 PM GMT","rafaraupp@gmail.com","Rafaela Raupp da Rosa","25","química","Pós-graduação Completo","Miopia","Nao","Não","Outros","Webmo, GaussView"
"2016/11/17 6:41:02 PM GMT","caarolineweber@yahoo.com.br","Caroline Weber","21","Química","Ensino Superior Incompleto","","","","Outros","Otterbein"
"2016/11/17 7:46:21 PM GMT","jacobs.matheus@gmail.com","matheus Rychescki","22","Química","Pós-graduação Incompleto","","","","VMD",""
"2016/11/18 12:23:54 PM GMT","guilhermebelmonte@gmail.com","Guilherme ","26","Quimica Industrial","Pós-graduação Completo","","Cinema 3D, ","Sim","Outros","ChemDraw"
"2016/11/18 4:02:46 PM GMT","sheilakrigger@hotmail.com","Sheila Pereira Krigger","20","Química Industrial ","Ensino Superior Incompleto","Astigmatismo","","","Não utilizo programas",""
"2016/11/18 4:39:24 PM GMT","camargo_ms@hotmail.com","Matheus Camargo","19","Biotecnologia","Ensino Superior Incompleto","","Nao","","PyMOL",""
"2016/11/18 5:04:08 PM GMT","fjuliana.santos@hotmail.com","Juliana Zubaran","21","Quimica","Ensino Superior Incompleto","Miopia","Nao","","Não utilizo programas",""