"Timestamp","Username","Untitled Question"
"2016/11/16 2:58:20 PM GMT","william.kn@gmail.com","Eu aceito e concordo com o Termo de Consentimento acima descrito."
"2016/11/16 6:09:21 PM GMT","eric.sales@ufrgs.br","Eu aceito e concordo com o Termo de Consentimento acima descrito."
"2016/11/17 5:25:49 PM GMT","guigo.a97@gmail.com","Eu aceito e concordo com o Termo de Consentimento acima descrito."
"2016/11/17 6:06:31 PM GMT","rafaraupp@gmail.com","Eu aceito e concordo com o Termo de Consentimento acima descrito."
"2016/11/17 6:39:30 PM GMT","caarolineweber@yahoo.com.br","Eu aceito e concordo com o Termo de Consentimento acima descrito."
"2016/11/17 7:45:28 PM GMT","jacobs.matheus@gmail.com","Eu aceito e concordo com o Termo de Consentimento acima descrito."
"2016/11/18 12:03:00 PM GMT","lumafritsch@msn.com","Eu aceito e concordo com o Termo de Consentimento acima descrito."
"2016/11/18 12:20:49 PM GMT","guilhermebelmonte|@gmail.com","Eu aceito e concordo com o Termo de Consentimento acima descrito."
"2016/11/18 4:00:57 PM GMT","sheilakrigger@hotmail.com","Eu aceito e concordo com o Termo de Consentimento acima descrito."
"2016/11/18 4:37:39 PM GMT","camargo_ms@hotmail.com","Eu aceito e concordo com o Termo de Consentimento acima descrito."
"2016/11/18 5:02:26 PM GMT","fjuliana.santos@hotmail.com","Eu aceito e concordo com o Termo de Consentimento acima descrito."